Study Title  ,Institution  ,PSDS Panel  
Mercury Lander Mission  ,APL  ,Inner Planets  
Venus Mobile Explorer  ,GSFC  ,Inner Planets  
Venus Intrepid Tessera Lander  ,GSFC  ,Inner Planets  
Venus Climate Mission  ,GSFC/JPL  ,Inner Planets  
Lunar Geophysical Network  ,MSFC/APL  ,Inner Planets  
Lunar Polar Volatiles Explorer  ,MSFC/APL  ,Inner Planets  
Near Earth Asteroid Trajectory Opportunities  ,JPL  ,Primitive Bodies  
Mars 2018 MAX-C Caching Rover  ,JPL  ,Mars  
Mars Sample Return Orbiter  ,JPL  ,Mars  
Mars Sample Return Lander  ,JPL  ,Mars  
Mars 2018 Sky Crane  ,JPL  ,Mars  
Mars Geophysical Network Options  ,JPL  ,Mars  
Mars Geophysical Network Concept Study  ,JPL  ,Mars  
Mars Polar Climate  ,JPL  ,Mars  
JEO  ,JPL  ,Satellites  
Io Observer  ,JPL  ,Satellites  
Ganymede Orbiter  ,JPL  ,Satellites  
Trojan Tour  ,APL  ,Primitive Bodies  
TSSM  ,JPL  ,Satellites  
Saturn Atmospheric Entry Probe Technology Trades  ,JPL  ,Giant Planets  
Saturn Atmospheric Entry Mission Concept  ,JPL  ,Giant Planets  
Saturn Ring Observer  ,JPL  ,Giant Planets  
Enceladus Flyby & Sample Return  ,JPL  ,Satellites  
Enceladus Orbiter  ,JPL  ,Satellites  
Titan Lake Lander  ,JPL  ,Satellites  
Chiron Orbiter  ,GSFC  ,Primitive Bodies  
Uranus and Neptune Orbiter and Probe  ,APL  ,Giant Planets  
Neptune-Triton-Kuiper Belt Objects  ,JPL  ,Joint Giant Planets/Satellites/ Primitive Bodies  
Comet Surface Sample Return  ,APL  ,Primitive Bodies  
Cryogenic Comet Nucleus SR technology  ,APL  ,Primitive Bodies  
Small Fission Power System  ,GRC  ,Giant Planets  
